{
  "coverage_rate": {
    "mean": 0.8513333333333334,
    "std": 0.09034590318449542,
    "min": 0.78,
    "max": 0.9788,
    "median": 0.7952
  },
  "detection_success": {
    "mean": 0.5333333333333333,
    "std": 0.09428090415820632,
    "min": 0.4,
    "max": 0.6,
    "median": 0.6
  },
  "time_to_detection": {
    "mean": 300.0,
    "std": 0.0,
    "min": 300.0,
    "max": 300.0,
    "median": 300.0
  },
  "collision_rate": {
    "mean": 0.6666666666666666,
    "std": 0.4714045207910317,
    "min": 0.0,
    "max": 1.0,
    "median": 1.0
  },
  "energy_efficiency": {
    "mean": 0.10807397006767434,
    "std": 0.03661286420465646,
    "min": 0.06257601023120195,
    "max": 0.15222866127850673,
    "median": 0.10941723869331435
  },
  "mean_cvar_risk": {
    "mean": 0.05000000819563866,
    "std": 0.0,
    "min": 0.05000000819563866,
    "max": 0.05000000819563866,
    "median": 0.05000000819563866
  },
  "exploration_overlap": {
    "mean": 0.0,
    "std": 0.0,
    "min": 0.0,
    "max": 0.0,
    "median": 0.0
  },
  "lyapunov_monotonic": {
    "mean": 1.0,
    "std": 0.0,
    "min": 1.0,
    "max": 1.0,
    "median": 1.0
  },
  "lyapunov_max_violation": {
    "mean": 0.0,
    "std": 0.0,
    "min": 0.0,
    "max": 0.0,
    "median": 0.0
  },
  "lyapunov_mean_decay": {
    "mean": 0.0,
    "std": 0.0,
    "min": 0.0,
    "max": 0.0,
    "median": 0.0
  }
}