{
  "coverage_rate": {
    "mean": 0.832136,
    "std": 0.13070074790910724,
    "min": 0.4328,
    "max": 0.9952,
    "median": 0.8644000000000001
  },
  "detection_success": {
    "mean": 0.47200000000000003,
    "std": 0.19903768487399565,
    "min": 0.2,
    "max": 1.0,
    "median": 0.4
  },
  "time_to_detection": {
    "mean": 294.12,
    "std": 41.16,
    "min": 6.0,
    "max": 300.0,
    "median": 300.0
  },
  "collision_rate": {
    "mean": 0.54,
    "std": 0.6390618123468182,
    "min": 0.0,
    "max": 2.0,
    "median": 0.0
  },
  "energy_efficiency": {
    "mean": 0.011534592796994106,
    "std": 0.006116323320510718,
    "min": 0.004725144163740623,
    "max": 0.03988261981913324,
    "median": 0.009609994852725567
  },
  "mean_cvar_risk": {
    "mean": 0.5011507868766785,
    "std": 0.2939558216740759,
    "min": 0.10771255195140839,
    "max": 1.302883267402649,
    "median": 0.45716527104377747
  },
  "exploration_overlap": {
    "mean": 0.0047461153608837165,
    "std": 0.011290955861302113,
    "min": 0.0,
    "max": 0.05714285714285714,
    "median": 0.0
  },
  "lyapunov_monotonic": {
    "mean": 0.9762913415087329,
    "std": 0.07633523233167186,
    "min": 0.4444444444444444,
    "max": 1.0,
    "median": 0.9877369007803791
  },
  "lyapunov_max_violation": {
    "mean": 0.6315044209190793,
    "std": 0.24882155948198795,
    "min": 0.0,
    "max": 1.177399973405139,
    "median": 0.6865781710478325
  },
  "lyapunov_mean_decay": {
    "mean": 0.012186637410245522,
    "std": 0.04564743405920129,
    "min": 0.0,
    "max": 0.33085694039039154,
    "median": 0.005384034450957349
  }
}