{
  "coverage_rate": {
    "mean": 0.8345360000000001,
    "std": 0.0922879185159141,
    "min": 0.534,
    "max": 0.9832,
    "median": 0.847
  },
  "detection_success": {
    "mean": 0.5680000000000001,
    "std": 0.24119701490690137,
    "min": 0.2,
    "max": 1.0,
    "median": 0.6
  },
  "time_to_detection": {
    "mean": 271.02,
    "std": 86.96930263029594,
    "min": 1.0,
    "max": 300.0,
    "median": 300.0
  },
  "collision_rate": {
    "mean": 1.0,
    "std": 0.848528137423857,
    "min": 0.0,
    "max": 3.0,
    "median": 1.0
  },
  "energy_efficiency": {
    "mean": 0.004091516251934002,
    "std": 0.0021648356859553823,
    "min": 0.002792,
    "max": 0.015623317773062004,
    "median": 0.0034989900686148738
  },
  "mean_cvar_risk": {
    "mean": 0.5465733650326728,
    "std": 0.3239524428774966,
    "min": 0.09584961086511612,
    "max": 1.4031665325164795,
    "median": 0.4781741350889206
  },
  "exploration_overlap": {
    "mean": 0.028943598478379785,
    "std": 0.03288901978804614,
    "min": 0.0,
    "max": 0.1326530612244898,
    "median": 0.01894596783524239
  },
  "lyapunov_monotonic": {
    "mean": 0.7864171709247763,
    "std": 0.2697712487155442,
    "min": 0.0,
    "max": 0.9910813823857302,
    "median": 0.9710144927536232
  },
  "lyapunov_max_violation": {
    "mean": 0.6945977381024647,
    "std": 0.20693031126658024,
    "min": 0.2057228931037072,
    "max": 1.1479095863467244,
    "median": 0.7031341340249704
  },
  "lyapunov_mean_decay": {
    "mean": 0.036895115571122024,
    "std": 0.06304509024133838,
    "min": -0.0001878538718805304,
    "max": 0.32753524950645846,
    "median": 0.00501027134600847
  }
}