{
  "coverage_rate": {
    "mean": 0.8075999999999999,
    "std": 0.0754810351457018,
    "min": 0.726,
    "max": 0.908,
    "median": 0.7888
  },
  "detection_success": {
    "mean": 0.5333333333333333,
    "std": 0.09428090415820632,
    "min": 0.4,
    "max": 0.6,
    "median": 0.6
  },
  "time_to_detection": {
    "mean": 300.0,
    "std": 0.0,
    "min": 300.0,
    "max": 300.0,
    "median": 300.0
  },
  "collision_rate": {
    "mean": 3.0,
    "std": 0.0,
    "min": 3.0,
    "max": 3.0,
    "median": 3.0
  },
  "energy_efficiency": {
    "mean": 0.028138248834049136,
    "std": 0.013121351995471419,
    "min": 0.017645543983466738,
    "max": 0.046639116564417174,
    "median": 0.020130085954263497
  },
  "mean_cvar_risk": {
    "mean": 0.05200072874625524,
    "std": 0.00147645787103566,
    "min": 0.05000000819563866,
    "max": 0.05351851508021355,
    "median": 0.05248366296291351
  },
  "exploration_overlap": {
    "mean": 0.0,
    "std": 0.0,
    "min": 0.0,
    "max": 0.0,
    "median": 0.0
  },
  "lyapunov_monotonic": {
    "mean": 1.0,
    "std": 0.0,
    "min": 1.0,
    "max": 1.0,
    "median": 1.0
  },
  "lyapunov_max_violation": {
    "mean": 0.0,
    "std": 0.0,
    "min": 0.0,
    "max": 0.0,
    "median": 0.0
  },
  "lyapunov_mean_decay": {
    "mean": 0.0,
    "std": 0.0,
    "min": 0.0,
    "max": 0.0,
    "median": 0.0
  }
}