{
  "coverage_rate": {
    "mean": 0.923808,
    "std": 0.09174438367551445,
    "min": 0.5484,
    "max": 0.9964,
    "median": 0.9618
  },
  "detection_success": {
    "mean": 0.5640000000000001,
    "std": 0.18194504664870653,
    "min": 0.2,
    "max": 1.0,
    "median": 0.6
  },
  "time_to_detection": {
    "mean": 288.22,
    "std": 57.7100649800362,
    "min": 5.0,
    "max": 300.0,
    "median": 300.0
  },
  "collision_rate": {
    "mean": 0.5,
    "std": 0.5385164807134504,
    "min": 0.0,
    "max": 2.0,
    "median": 0.0
  },
  "energy_efficiency": {
    "mean": 0.008569270145167398,
    "std": 0.0034620518085360366,
    "min": 0.0041829453788363846,
    "max": 0.021889639496427853,
    "median": 0.008038169843648961
  },
  "mean_cvar_risk": {
    "mean": 0.5119595578312874,
    "std": 0.29024468652862706,
    "min": 0.12561531364917755,
    "max": 1.3178458213806152,
    "median": 0.46048174798488617
  },
  "exploration_overlap": {
    "mean": 0.001729030201917075,
    "std": 0.0062061337488642935,
    "min": 0.0,
    "max": 0.032520325203252036,
    "median": 0.0
  },
  "lyapunov_monotonic": {
    "mean": 0.9595221107395021,
    "std": 0.11615033855450566,
    "min": 0.27777777777777773,
    "max": 0.9966555183946489,
    "median": 0.9827201783723524
  },
  "lyapunov_max_violation": {
    "mean": 0.7590811608009459,
    "std": 0.21494492444298807,
    "min": 0.21503606306658105,
    "max": 1.2709060947881496,
    "median": 0.7588568757397154
  },
  "lyapunov_mean_decay": {
    "mean": 0.018933844967829964,
    "std": 0.06801668484749779,
    "min": 0.0011945604629471677,
    "max": 0.4732999782480977,
    "median": 0.006711887778634776
  }
}